{"cameraMode":{"drawMode":0,"name":"Shaded","section":"Shading Mode"},"sceneLighting":true,"audioPlay":false,"sceneViewState":{"showFog":true,"showMaterialUpdate":true,"showSkybox":true,"showFlares":true,"showImageEffects":true,"showParticleSystems":true},"in2DMode":false,"pivot":{"x":0.7560028433799744,"y":6.656163215637207,"z":-9.51479721069336},"rotation":{"x":-0.2507602274417877,"y":0.02926250919699669,"z":-0.0076679084450006489,"w":-0.9678794741630554},"size":0.8660253882408142,"orthographic":false}