{"cameraMode":{"drawMode":0,"name":"Shaded","section":"Shading Mode"},"sceneLighting":false,"audioPlay":false,"sceneViewState":{"showFog":true,"showMaterialUpdate":true,"showSkybox":false,"showFlares":true,"showImageEffects":true,"showParticleSystems":true},"in2DMode":false,"pivot":{"x":246.1273193359375,"y":35.55677032470703,"z":20.19249153137207},"rotation":{"x":-0.16818051040172578,"y":-0.11423739790916443,"z":0.019787779077887536,"w":-0.9792119860649109},"size":17.450624465942384,"orthographic":false}